threshold,TN,FP,FN,TP,precision,recall,f1,q_t,actions_per_1000,cost,cost_per_object
0.0032137027136714728,0,244,0,240,0.49586776859504134,1.0,0.6629834254143646,1.0,1000.0,244.0,0.5041322314049587
0.003214702713671473,0,244,0,240,0.49586776859504134,1.0,0.6629834254143646,1.0,1000.0,244.0,0.5041322314049587
0.013206071041901614,1,243,0,240,0.4968944099378882,1.0,0.6639004149377593,0.9979338842975206,997.9338842975206,243.0,0.5020661157024794
0.023197439370131755,2,242,0,240,0.4979253112033195,1.0,0.6648199445983379,0.9958677685950413,995.8677685950413,242.0,0.5
0.0331888076983619,2,242,0,240,0.4979253112033195,1.0,0.6648199445983379,0.9958677685950413,995.8677685950413,242.0,0.5
0.04318017602659204,2,242,0,240,0.4979253112033195,1.0,0.6648199445983379,0.9958677685950413,995.8677685950413,242.0,0.5
0.05317154435482218,3,241,0,240,0.498960498960499,1.0,0.665742024965326,0.993801652892562,993.801652892562,241.0,0.49793388429752067
0.06316291268305232,4,240,0,240,0.5,1.0,0.6666666666666666,0.9917355371900827,991.7355371900827,240.0,0.49586776859504134
0.07315428101128246,4,240,0,240,0.5,1.0,0.6666666666666666,0.9917355371900827,991.7355371900827,240.0,0.49586776859504134
0.0831456493395126,4,240,0,240,0.5,1.0,0.6666666666666666,0.9917355371900827,991.7355371900827,240.0,0.49586776859504134
0.09313701766774274,4,240,0,240,0.5,1.0,0.6666666666666666,0.9917355371900827,991.7355371900827,240.0,0.49586776859504134
0.10312838599597288,5,239,0,240,0.5010438413361169,1.0,0.6675938803894298,0.9896694214876033,989.6694214876032,239.0,0.493801652892562
0.11311975432420303,6,238,1,239,0.5010482180293501,0.9958333333333333,0.6666666666666666,0.9855371900826446,985.5371900826447,248.0,0.512396694214876
0.12311112265243317,8,236,1,239,0.5031578947368421,0.9958333333333333,0.6685314685314686,0.981404958677686,981.404958677686,246.0,0.5082644628099173
0.13310249098066332,8,236,1,239,0.5031578947368421,0.9958333333333333,0.6685314685314686,0.981404958677686,981.404958677686,246.0,0.5082644628099173
0.14309385930889346,9,235,1,239,0.5042194092827004,0.9958333333333333,0.669467787114846,0.9793388429752066,979.3388429752066,245.0,0.506198347107438
0.1530852276371236,9,235,1,239,0.5042194092827004,0.9958333333333333,0.669467787114846,0.9793388429752066,979.3388429752066,245.0,0.506198347107438
0.16307659596535373,11,233,1,239,0.5063559322033898,0.9958333333333333,0.6713483146067416,0.9752066115702479,975.2066115702479,243.0,0.5020661157024794
0.17306796429358387,12,232,1,239,0.5074309978768577,0.9958333333333333,0.6722925457102673,0.9731404958677686,973.1404958677687,242.0,0.5
0.183059332621814,13,231,1,239,0.5085106382978724,0.9958333333333333,0.6732394366197183,0.9710743801652892,971.0743801652892,241.0,0.49793388429752067
0.19305070095004415,13,231,1,239,0.5085106382978724,0.9958333333333333,0.6732394366197183,0.9710743801652892,971.0743801652892,241.0,0.49793388429752067
0.20304206927827428,13,231,1,239,0.5085106382978724,0.9958333333333333,0.6732394366197183,0.9710743801652892,971.0743801652892,241.0,0.49793388429752067
0.21303343760650445,13,231,1,239,0.5085106382978724,0.9958333333333333,0.6732394366197183,0.9710743801652892,971.0743801652892,241.0,0.49793388429752067
0.2230248059347346,14,230,1,239,0.509594882729211,0.9958333333333333,0.6741889985895626,0.96900826446281,969.00826446281,240.0,0.49586776859504134
0.23301617426296473,14,230,1,239,0.509594882729211,0.9958333333333333,0.6741889985895626,0.96900826446281,969.00826446281,240.0,0.49586776859504134
0.24300754259119486,15,229,1,239,0.5106837606837606,0.9958333333333333,0.675141242937853,0.9669421487603306,966.9421487603306,239.0,0.493801652892562
0.252998910919425,17,227,1,239,0.5128755364806867,0.9958333333333333,0.6770538243626063,0.9628099173553719,962.8099173553719,237.0,0.4896694214876033
0.26299027924765517,18,226,1,239,0.513978494623656,0.9958333333333333,0.6780141843971632,0.9607438016528925,960.7438016528926,236.0,0.48760330578512395
0.2729816475758853,19,225,1,239,0.5150862068965517,0.9958333333333333,0.6789772727272727,0.9586776859504132,958.6776859504132,235.0,0.4855371900826446
0.28297301590411544,20,224,2,238,0.5151515151515151,0.9916666666666667,0.6780626780626781,0.9545454545454546,954.5454545454546,244.0,0.5041322314049587
0.29296438423234555,21,223,2,238,0.5162689804772235,0.9916666666666667,0.6790299572039943,0.9524793388429752,952.4793388429752,243.0,0.5020661157024794
0.3029557525605757,24,220,2,238,0.519650655021834,0.9916666666666667,0.6819484240687679,0.9462809917355371,946.2809917355371,240.0,0.49586776859504134
0.31294712088880583,25,219,2,238,0.5207877461706784,0.9916666666666667,0.6829268292682926,0.9442148760330579,944.2148760330579,239.0,0.493801652892562
0.322938489217036,25,219,2,238,0.5207877461706784,0.9916666666666667,0.6829268292682926,0.9442148760330579,944.2148760330579,239.0,0.493801652892562
0.33292985754526616,28,216,2,238,0.5242290748898678,0.9916666666666667,0.6858789625360231,0.9380165289256198,938.0165289256198,236.0,0.48760330578512395
0.34292122587349627,32,212,2,238,0.5288888888888889,0.9916666666666667,0.689855072463768,0.9297520661157025,929.7520661157025,232.0,0.4793388429752066
0.35291259420172644,33,211,2,238,0.5300668151447662,0.9916666666666667,0.6908563134978231,0.9276859504132231,927.685950413223,231.0,0.4772727272727273
0.36290396252995655,33,211,2,238,0.5300668151447662,0.9916666666666667,0.6908563134978231,0.9276859504132231,927.685950413223,231.0,0.4772727272727273
0.3728953308581867,35,209,2,238,0.5324384787472036,0.9916666666666667,0.6928675400291121,0.9235537190082644,923.5537190082645,229.0,0.4731404958677686
0.3828866991864168,36,208,2,238,0.5336322869955157,0.9916666666666667,0.6938775510204082,0.9214876033057852,921.4876033057851,228.0,0.47107438016528924
0.392878067514647,37,207,2,238,0.5348314606741573,0.9916666666666667,0.6948905109489051,0.9194214876033058,919.4214876033058,227.0,0.4690082644628099
0.4028694358428771,38,206,2,238,0.536036036036036,0.9916666666666667,0.695906432748538,0.9173553719008265,917.3553719008265,226.0,0.4669421487603306
0.41286080417110727,39,205,2,238,0.5372460496613995,0.9916666666666667,0.6969253294289898,0.9152892561983471,915.2892561983471,225.0,0.46487603305785125
0.42285217249933743,42,202,2,238,0.5409090909090909,0.9916666666666667,0.7,0.9090909090909091,909.090909090909,222.0,0.45867768595041325
0.43284354082756754,45,199,2,238,0.5446224256292906,0.9916666666666667,0.7031019202363369,0.9028925619834711,902.8925619834711,219.0,0.4524793388429752
0.4428349091557977,50,194,2,238,0.5509259259259259,0.9916666666666667,0.7083333333333333,0.8925619834710744,892.5619834710744,214.0,0.44214876033057854
0.4528262774840278,54,190,2,238,0.5560747663551402,0.9916666666666667,0.7125748502994012,0.8842975206611571,884.297520661157,210.0,0.43388429752066116
0.462817645812258,56,188,2,238,0.5586854460093896,0.9916666666666667,0.7147147147147148,0.8801652892561983,880.1652892561983,208.0,0.4297520661157025
0.4728090141404881,63,181,2,238,0.568019093078759,0.9916666666666667,0.7223065250379362,0.8657024793388429,865.702479338843,201.0,0.4152892561983471
0.48280038246871826,65,179,2,238,0.5707434052757794,0.9916666666666667,0.7245053272450532,0.8615702479338843,861.5702479338843,199.0,0.41115702479338845
0.4927917507969484,77,167,2,238,0.5876543209876544,0.9916666666666667,0.737984496124031,0.8367768595041323,836.7768595041323,187.0,0.38636363636363635
0.5,114,130,30,210,0.6176470588235294,0.875,0.7241379310344829,0.7024793388429752,702.4793388429752,430.0,0.8884297520661157
0.5027831191251786,150,94,62,178,0.6544117647058824,0.7416666666666667,0.6953125,0.5619834710743802,561.9834710743802,714.0,1.475206611570248
0.5127744874534087,209,35,150,90,0.72,0.375,0.4931506849315069,0.25826446280991733,258.26446280991735,1535.0,3.1714876033057853
0.5227658557816389,242,2,180,60,0.967741935483871,0.25,0.3973509933774834,0.128099173553719,128.099173553719,1802.0,3.7231404958677685
0.532757224109869,242,2,195,45,0.9574468085106383,0.1875,0.313588850174216,0.09710743801652892,97.10743801652892,1952.0,4.033057851239669
0.5427485924380991,242,2,200,40,0.9523809523809523,0.16666666666666666,0.2836879432624113,0.08677685950413223,86.77685950413223,2002.0,4.136363636363637
0.5527399607663293,242,2,206,34,0.9444444444444444,0.14166666666666666,0.24637681159420294,0.0743801652892562,74.3801652892562,2062.0,4.260330578512397
0.5627313290945595,242,2,207,33,0.9428571428571428,0.1375,0.24000000000000002,0.07231404958677685,72.31404958677686,2072.0,4.2809917355371905
0.5727226974227896,242,2,211,29,0.9354838709677419,0.12083333333333333,0.21402214022140226,0.0640495867768595,64.0495867768595,2112.0,4.363636363636363
0.5827140657510197,242,2,213,27,0.9310344827586207,0.1125,0.20074349442379183,0.05991735537190083,59.917355371900825,2132.0,4.404958677685951
0.5927054340792499,242,2,215,25,0.9259259259259259,0.10416666666666667,0.18726591760299627,0.05578512396694215,55.78512396694215,2152.0,4.446280991735537
0.60269680240748,242,2,218,22,0.9166666666666666,0.09166666666666666,0.16666666666666666,0.049586776859504134,49.586776859504134,2182.0,4.508264462809917
0.6126881707357101,242,2,219,21,0.9130434782608695,0.0875,0.1596958174904943,0.047520661157024795,47.5206611570248,2192.0,4.528925619834711
0.6226795390639402,242,2,219,21,0.9130434782608695,0.0875,0.1596958174904943,0.047520661157024795,47.5206611570248,2192.0,4.528925619834711
0.6326709073921705,242,2,221,19,0.9047619047619048,0.07916666666666666,0.14559386973180075,0.04338842975206612,43.388429752066116,2212.0,4.570247933884297
0.6426622757204006,242,2,222,18,0.9,0.075,0.13846153846153847,0.04132231404958678,41.32231404958678,2222.0,4.590909090909091
0.6526536440486307,242,2,224,16,0.8888888888888888,0.06666666666666667,0.12403100775193798,0.0371900826446281,37.1900826446281,2242.0,4.632231404958677
0.6626450123768609,242,2,224,16,0.8888888888888888,0.06666666666666667,0.12403100775193798,0.0371900826446281,37.1900826446281,2242.0,4.632231404958677
0.672636380705091,242,2,227,13,0.8666666666666667,0.05416666666666667,0.10196078431372549,0.030991735537190084,30.991735537190085,2272.0,4.694214876033058
0.6826277490333211,242,2,228,12,0.8571428571428571,0.05,0.09448818897637795,0.028925619834710745,28.925619834710744,2282.0,4.714876033057851
0.6926191173615512,242,2,229,11,0.8461538461538461,0.04583333333333333,0.08695652173913043,0.026859504132231406,26.859504132231407,2292.0,4.735537190082645
0.7026104856897815,242,2,229,11,0.8461538461538461,0.04583333333333333,0.08695652173913043,0.026859504132231406,26.859504132231407,2292.0,4.735537190082645
0.7126018540180116,242,2,232,8,0.8,0.03333333333333333,0.064,0.02066115702479339,20.66115702479339,2322.0,4.797520661157025
0.7225932223462417,243,1,232,8,0.8888888888888888,0.03333333333333333,0.0642570281124498,0.01859504132231405,18.59504132231405,2321.0,4.795454545454546
0.7325845906744719,243,1,233,7,0.875,0.029166666666666667,0.056451612903225805,0.01652892561983471,16.528925619834713,2331.0,4.816115702479339
0.742575959002702,243,1,233,7,0.875,0.029166666666666667,0.056451612903225805,0.01652892561983471,16.528925619834713,2331.0,4.816115702479339
0.7525673273309321,243,1,233,7,0.875,0.029166666666666667,0.056451612903225805,0.01652892561983471,16.528925619834713,2331.0,4.816115702479339
0.7625586956591622,243,1,234,6,0.8571428571428571,0.025,0.048582995951417005,0.014462809917355372,14.462809917355372,2341.0,4.836776859504132
0.7725500639873925,243,1,235,5,0.8333333333333334,0.020833333333333332,0.04065040650406504,0.012396694214876033,12.396694214876034,2351.0,4.857438016528926
0.7825414323156226,243,1,235,5,0.8333333333333334,0.020833333333333332,0.04065040650406504,0.012396694214876033,12.396694214876034,2351.0,4.857438016528926
0.7925328006438527,243,1,235,5,0.8333333333333334,0.020833333333333332,0.04065040650406504,0.012396694214876033,12.396694214876034,2351.0,4.857438016528926
0.8025241689720828,243,1,235,5,0.8333333333333334,0.020833333333333332,0.04065040650406504,0.012396694214876033,12.396694214876034,2351.0,4.857438016528926
0.812515537300313,243,1,235,5,0.8333333333333334,0.020833333333333332,0.04065040650406504,0.012396694214876033,12.396694214876034,2351.0,4.857438016528926
0.8225069056285431,243,1,235,5,0.8333333333333334,0.020833333333333332,0.04065040650406504,0.012396694214876033,12.396694214876034,2351.0,4.857438016528926
0.8324982739567732,243,1,235,5,0.8333333333333334,0.020833333333333332,0.04065040650406504,0.012396694214876033,12.396694214876034,2351.0,4.857438016528926
0.8424896422850034,243,1,235,5,0.8333333333333334,0.020833333333333332,0.04065040650406504,0.012396694214876033,12.396694214876034,2351.0,4.857438016528926
0.8524810106132336,243,1,235,5,0.8333333333333334,0.020833333333333332,0.04065040650406504,0.012396694214876033,12.396694214876034,2351.0,4.857438016528926
0.8624723789414637,243,1,236,4,0.8,0.016666666666666666,0.03265306122448979,0.010330578512396695,10.330578512396695,2361.0,4.878099173553719
0.8724637472696938,243,1,236,4,0.8,0.016666666666666666,0.03265306122448979,0.010330578512396695,10.330578512396695,2361.0,4.878099173553719
0.882455115597924,243,1,236,4,0.8,0.016666666666666666,0.03265306122448979,0.010330578512396695,10.330578512396695,2361.0,4.878099173553719
0.8924464839261541,243,1,236,4,0.8,0.016666666666666666,0.03265306122448979,0.010330578512396695,10.330578512396695,2361.0,4.878099173553719
0.9024378522543842,243,1,237,3,0.75,0.0125,0.024590163934426236,0.008264462809917356,8.264462809917356,2371.0,4.898760330578512
0.9124292205826144,243,1,237,3,0.75,0.0125,0.024590163934426236,0.008264462809917356,8.264462809917356,2371.0,4.898760330578512
0.9224205889108446,243,1,237,3,0.75,0.0125,0.024590163934426236,0.008264462809917356,8.264462809917356,2371.0,4.898760330578512
0.9324119572390747,243,1,237,3,0.75,0.0125,0.024590163934426236,0.008264462809917356,8.264462809917356,2371.0,4.898760330578512
0.9424033255673048,243,1,237,3,0.75,0.0125,0.024590163934426236,0.008264462809917356,8.264462809917356,2371.0,4.898760330578512
0.952394693895535,243,1,238,2,0.6666666666666666,0.008333333333333333,0.01646090534979424,0.006198347107438017,6.198347107438017,2381.0,4.919421487603306
0.9623860622237651,243,1,238,2,0.6666666666666666,0.008333333333333333,0.01646090534979424,0.006198347107438017,6.198347107438017,2381.0,4.919421487603306
0.9723774305519952,244,0,238,2,1.0,0.008333333333333333,0.01652892561983471,0.004132231404958678,4.132231404958678,2380.0,4.917355371900826
0.9823687988802254,244,0,239,1,1.0,0.004166666666666667,0.008298755186721992,0.002066115702479339,2.066115702479339,2390.0,4.93801652892562
0.9923601672084555,244,0,239,1,1.0,0.004166666666666667,0.008298755186721992,0.002066115702479339,2.066115702479339,2390.0,4.93801652892562
0.9923611672084556,244,0,240,0,0.0,0.0,0.0,0.0,0.0,2400.0,4.958677685950414
